"producto_id","nombre","precioNormal","stock","marca","familia","activo"
"69db27c72b56cc0c1597f780","4x4 aceite para barba","120","33","69db27c72b56cc0c1597f778","69db27c72b56cc0c1597f77b","1"
"69db27c82b56cc0c1597f787","4X4 Gel para afeitar menta 1kg","160","30","69db27c72b56cc0c1597f778","69db27c72b56cc0c1597f77b","1"
"69db27c82b56cc0c1597f790","4x4 Guantes nitrilo negros","35","42","69db27c72b56cc0c1597f778","69db27c82b56cc0c1597f78b","1"
"69db27c92b56cc0c1597f799","4x4 maquina inalambrico plastico G oferta de 4 pz.","850","37","69db27c72b56cc0c1597f778","69db27c82b56cc0c1597f794","1"
"69db27c92b56cc0c1597f7a0","4x4 minoxidil","180","48","69db27c72b56cc0c1597f778","69db27c72b56cc0c1597f77b","1"
"69db27c92b56cc0c1597f7a9","4X4 oferta combo barber de 5 pz.","950","33","69db27c72b56cc0c1597f778","69db27c92b56cc0c1597f7a4","1"
"69db27ca2b56cc0c1597f7b0","4x4 papel cuello blanco de 5 pz.","120","42","69db27c72b56cc0c1597f778","69db27c82b56cc0c1597f78b","1"
"69db27ca2b56cc0c1597f7b9","4x4 Pomada azul 100g","80","43","69db27c72b56cc0c1597f778","69db27ca2b56cc0c1597f7b4","1"
"69db27ca2b56cc0c1597f7c0","4x4 Aceite Para Cortadoras 118ml.","75","36","69db27c72b56cc0c1597f778","69db27c92b56cc0c1597f7a4","1"
"69db27cb2b56cc0c1597f7c7","4x4 Aftershave Amarillo 400ml.","130","37","69db27c72b56cc0c1597f778","69db27c72b56cc0c1597f77b","1"
"69db27cb2b56cc0c1597f7ce","4x4 Aftershave King Blue 400ml","130","40","69db27c72b56cc0c1597f778","69db27c72b56cc0c1597f77b","1"
"69db27cb2b56cc0c1597f7d5","4X4 Aftershave Power Green 400ml.","130","30","69db27c72b56cc0c1597f778","69db27c72b56cc0c1597f77b","1"
"69db27cc2b56cc0c1597f7dc","4X4 Aftershave Power Gold 400ml.","130","34","69db27c72b56cc0c1597f778","69db27c72b56cc0c1597f77b","1"
"69db27cc2b56cc0c1597f7e3","4x4 Aftershave Rojo 400ml.","130","31","69db27c72b56cc0c1597f778","69db27c72b56cc0c1597f77b","1"
"69db27cc2b56cc0c1597f7ec","4x4 Balsamo Cubre Canas 100g.","110","47","69db27c72b56cc0c1597f778","69db27cc2b56cc0c1597f7e7","1"
"69db27cd2b56cc0c1597f7f3","4x4 Balsamo Negro Liquido","95","34","69db27c72b56cc0c1597f778","69db27cc2b56cc0c1597f7e7","1"
"69db27cd2b56cc0c1597f7fa","4x4 Cera en Polvo Volumizador Amarillo","110","48","69db27c72b56cc0c1597f778","69db27ca2b56cc0c1597f7b4","1"
"69db27cd2b56cc0c1597f801","4x4 cera gel kg.","160","39","69db27c72b56cc0c1597f778","69db27ca2b56cc0c1597f7b4","1"
"69db27ce2b56cc0c1597f808","4x4 Cera Gel 280g.","65","48","69db27c72b56cc0c1597f778","69db27ca2b56cc0c1597f7b4","1"
"69db27ce2b56cc0c1597f80f","4x4 Cera Rosa 100ml.","65","36","69db27c72b56cc0c1597f778","69db27ca2b56cc0c1597f7b4","1"
"69db27ce2b56cc0c1597f816","4x4 Cera Rosa 200ml.","110","31","69db27c72b56cc0c1597f778","69db27ca2b56cc0c1597f7b4","1"
"69db27cf2b56cc0c1597f81d","4x4 Cera Telaraña 100ml.","75","46","69db27c72b56cc0c1597f778","69db27ca2b56cc0c1597f7b4","1"
"69db27cf2b56cc0c1597f824","4X4 Combo Maquina platinum Clipper/Trimmer","1800","34","69db27c72b56cc0c1597f778","69db27c82b56cc0c1597f794","1"
"69db27d02b56cc0c1597f82b","4X4 Combo pow 5 pz.","1200","39","69db27c72b56cc0c1597f778","69db27c92b56cc0c1597f7a4","1"
"69db27d02b56cc0c1597f832","4x4 Cuchilla Platino trimer DLC","350","40","69db27c72b56cc0c1597f778","69db27c82b56cc0c1597f794","1"
"69db27d02b56cc0c1597f839","4x4 Cuchilla DLC","350","43","69db27c72b56cc0c1597f778","69db27c82b56cc0c1597f794","1"
"69db27d12b56cc0c1597f840","4X4 Cuchilla Normal","280","33","69db27c72b56cc0c1597f778","69db27c82b56cc0c1597f794","1"
"69db27d12b56cc0c1597f847","4x4 Cuchilla Trimer","280","38","69db27c72b56cc0c1597f778","69db27c82b56cc0c1597f794","1"
"69db27d12b56cc0c1597f84e","4x4 Desinfectante Antibacterial 250ml.","85","46","69db27c72b56cc0c1597f778","69db27c82b56cc0c1597f794","1"
"69db27d22b56cc0c1597f855","4x4 Enfriador de Maquinas 400g.","140","40","69db27c72b56cc0c1597f778","69db27c82b56cc0c1597f794","1"
"69db27d22b56cc0c1597f85e","4X4 Exfoliante facial","90","46","69db27c72b56cc0c1597f778","69db27d22b56cc0c1597f859","1"
"69db27d22b56cc0c1597f865","4x4 gel afeitar 955kg. blanco","140","35","69db27c72b56cc0c1597f778","69db27c72b56cc0c1597f77b","1"
"69db27d32b56cc0c1597f86c","4x4 Gel 500g.","80","35","69db27c72b56cc0c1597f778","69db27ca2b56cc0c1597f7b4","1"
"69db27d32b56cc0c1597f873","4x4 gel afeitar 955kg azul","140","49","69db27c72b56cc0c1597f778","69db27c72b56cc0c1597f77b","1"
"69db27d32b56cc0c1597f87a","4X4 Gel Cubre Cana 315gr.","110","35","69db27c72b56cc0c1597f778","69db27ca2b56cc0c1597f7b4","1"
"69db27d42b56cc0c1597f881","4x4 Gel Para Afeitar Citrico 485ml.","85","48","69db27c72b56cc0c1597f778","69db27c72b56cc0c1597f77b","1"
"69db27d42b56cc0c1597f888","4x4 Gel Para Afeitar Menta 485ml.","85","31","69db27c72b56cc0c1597f778","69db27c72b56cc0c1597f77b","1"
"69db27d42b56cc0c1597f88f","4x4 Goma 280ml.","70","48","69db27c72b56cc0c1597f778","69db27ca2b56cc0c1597f7b4","1"
"69db27d52b56cc0c1597f896","4x4 guantes vinil nitrilo","160","42","69db27c72b56cc0c1597f778","69db27c82b56cc0c1597f78b","1"
"69db27d52b56cc0c1597f89d","4x4 maquina de corte trimmer inalambrico metalica","900","33","69db27c72b56cc0c1597f778","69db27c82b56cc0c1597f794","1"
"69db27d52b56cc0c1597f8a4","4X4 Maquina inalambrica clipper heavy duty metalica G.","1200","45","69db27c72b56cc0c1597f778","69db27c82b56cc0c1597f794","1"
"69db27d62b56cc0c1597f8ab","4x4 Maquina platino 10000 RPM","1500","43","69db27c72b56cc0c1597f778","69db27c82b56cc0c1597f794","1"
"69db27d62b56cc0c1597f8b2","4X4 Maquina Platinum Clipper","1400","49","69db27c72b56cc0c1597f778","69db27c82b56cc0c1597f794","1"
"69db27d62b56cc0c1597f8b9","4X4 Maquina Platinum Trimmer","1400","45","69db27c72b56cc0c1597f778","69db27c82b56cc0c1597f794","1"
"69db27d72b56cc0c1597f8c0","4x4 Mascarilla Capilar Open Secret","120","37","69db27c72b56cc0c1597f778","69db27cc2b56cc0c1597f7e7","1"
"69db27d72b56cc0c1597f8c9","4x4 matizante violeta","95","40","69db27c72b56cc0c1597f778","69db27d72b56cc0c1597f8c4","1"
"69db27d82b56cc0c1597f8d2","4x4 navaja platinum","45","42","69db27c72b56cc0c1597f778","69db27d72b56cc0c1597f8cd","1"
"69db27d82b56cc0c1597f8d9","4x4 oferta cera pasta y pomada 3pz.","200","37","69db27c72b56cc0c1597f778","69db27ca2b56cc0c1597f7b4","1"
"69db27d82b56cc0c1597f8e0","4x4 Off-Road Crecimiento de Barba 60g.","150","31","69db27c72b56cc0c1597f778","69db27c72b56cc0c1597f77b","1"
"69db27d92b56cc0c1597f8e7","4x4 papel cuello blanco rollo","35","32","69db27c72b56cc0c1597f778","69db27c82b56cc0c1597f78b","1"
"69db27d92b56cc0c1597f8ee","4x4 papel cuello negro un rollo","35","40","69db27c72b56cc0c1597f778","69db27c82b56cc0c1597f78b","1"
"69db27d92b56cc0c1597f8f5","4x4 papel cuello negro 5 pz","150","47","69db27c72b56cc0c1597f778","69db27c82b56cc0c1597f78b","1"
"69db27da2b56cc0c1597f8fc","4x4 Pasta Dorada 100g.","80","32","69db27c72b56cc0c1597f778","69db27ca2b56cc0c1597f7b4","1"
"69db27da2b56cc0c1597f903","4x4 Pasta Dorada 200g.","140","35","69db27c72b56cc0c1597f778","69db27ca2b56cc0c1597f7b4","1"
"69db27da2b56cc0c1597f90a","4x4 Polvo Volumizador Seco Negro","110","47","69db27c72b56cc0c1597f778","69db27ca2b56cc0c1597f7b4","1"
"69db27db2b56cc0c1597f911","4x4 Pomada Azul 200g","140","41","69db27c72b56cc0c1597f778","69db27ca2b56cc0c1597f7b4","1"
"69db27db2b56cc0c1597f918","4x4 Pomada Extrafirme Verde 100g.","80","45","69db27c72b56cc0c1597f778","69db27ca2b56cc0c1597f7b4","1"
"69db27db2b56cc0c1597f91f","4x4 Pomada Extrafirme Verde 200g.","140","30","69db27c72b56cc0c1597f778","69db27ca2b56cc0c1597f7b4","1"
"69db27dc2b56cc0c1597f926","4x4 Pomada Gris 100ml.","80","49","69db27c72b56cc0c1597f778","69db27ca2b56cc0c1597f7b4","1"
"69db27dc2b56cc0c1597f92d","4x4 Pomada Gris 200ml.","140","38","69db27c72b56cc0c1597f778","69db27ca2b56cc0c1597f7b4","1"
"69db27dc2b56cc0c1597f934","4x4 Pomada Roja 200g","140","38","69db27c72b56cc0c1597f778","69db27ca2b56cc0c1597f7b4","1"
"69db27dd2b56cc0c1597f93b","4x4 shampoo matiz negro 300ml.","110","33","69db27c72b56cc0c1597f778","69db27cc2b56cc0c1597f7e7","1"
"69db27dd2b56cc0c1597f942","4x4 shampoo cbd bergamota 500ml.","110","44","69db27c72b56cc0c1597f778","69db27cc2b56cc0c1597f7e7","1"
"69db27dd2b56cc0c1597f949","4x4 shampoo cbd minoxidi 500ml.","110","47","69db27c72b56cc0c1597f778","69db27cc2b56cc0c1597f7e7","1"
"69db27de2b56cc0c1597f950","4x4 shampoo cervesa azul","110","30","69db27c72b56cc0c1597f778","69db27cc2b56cc0c1597f7e7","1"
"69db27de2b56cc0c1597f957","4x4 spray","90","42","69db27c72b56cc0c1597f778","69db27ca2b56cc0c1597f7b4","1"
"69db27de2b56cc0c1597f95e","4x4 Talco Invencible","85","33","69db27c72b56cc0c1597f778","69db27c92b56cc0c1597f7a4","1"
"69db27df2b56cc0c1597f965","4x4 Talco Ultra Fino","85","40","69db27c72b56cc0c1597f778","69db27c92b56cc0c1597f7a4","1"
"69db27df2b56cc0c1597f970","Aashta clip metalico o sojetador","45","48","69db27df2b56cc0c1597f968","69db27df2b56cc0c1597f96b","1"
"69db27e02b56cc0c1597f979","aashta kit 2 pz.","650","41","69db27df2b56cc0c1597f968","69db27df2b56cc0c1597f974","1"
"69db27e02b56cc0c1597f980","aashta ps -807","250","37","69db27df2b56cc0c1597f968","69db27df2b56cc0c1597f974","1"
"69db27e02b56cc0c1597f987","aashta tijera ps154","250","40","69db27df2b56cc0c1597f968","69db27df2b56cc0c1597f96b","1"
"69db27e12b56cc0c1597f98e","Aashta Tijera Cocodrilo","280","38","69db27df2b56cc0c1597f968","69db27df2b56cc0c1597f96b","1"
"69db27e12b56cc0c1597f995","Aashta tijeras negro no. 7","250","41","69db27df2b56cc0c1597f968","69db27df2b56cc0c1597f96b","1"
"69db27e12b56cc0c1597f99c","aashta tijeras ps817","250","44","69db27df2b56cc0c1597f968","69db27df2b56cc0c1597f96b","1"
"69db27e22b56cc0c1597f9a7","Ablandador De Canas Waving","65","43","69db27e12b56cc0c1597f99f","69db27e22b56cc0c1597f9a2","1"
"69db27e22b56cc0c1597f9b2","Aceite De Hueso De Mamey Para Pestañas.","40","32","69db27e22b56cc0c1597f9aa","69db27e22b56cc0c1597f9ad","1"
"69db27e32b56cc0c1597f9bb","Aceite Fortalezador Argan/Mamey","40","37","69db27e22b56cc0c1597f9aa","69db27e22b56cc0c1597f9b6","1"
"69db27e32b56cc0c1597f9c6","Aceite Para Cuticula Touche Frambuesa","55","46","69db27e32b56cc0c1597f9be","69db27e32b56cc0c1597f9c1","1"
"69db27e42b56cc0c1597f9d1","ACETONA ORGANIC 120 ML","65","30","69db27e32b56cc0c1597f9c9","69db27e32b56cc0c1597f9cc","1"
"69db27e42b56cc0c1597f9dc","acetona pura arys grande","85","39","69db27e42b56cc0c1597f9d4","69db27e42b56cc0c1597f9d7","1"
"69db27e42b56cc0c1597f9e5","Acetona Pura Chica (frasco hidra)","30","37","69db27e22b56cc0c1597f9aa","69db27e42b56cc0c1597f9e0","1"
"69db27e52b56cc0c1597f9ec","Acetona Pura Mediana arys","50","43","69db27e42b56cc0c1597f9d4","69db27e42b56cc0c1597f9d7","1"
"69db27e52b56cc0c1597f9f3","Acetona Pura Touche 980ml","120","36","69db27e32b56cc0c1597f9be","69db27e32b56cc0c1597f9c1","1"
"69db27e52b56cc0c1597f9fa","Acetona quinta esmalte 98(60 ml)","25","45","69db27e22b56cc0c1597f9aa","69db27e42b56cc0c1597f9e0","1"
"69db27e62b56cc0c1597fa01","Acetona Touche 225ml.","45","47","69db27e32b56cc0c1597f9be","69db27e32b56cc0c1597f9c1","1"
"69db27e62b56cc0c1597fa0a","acondicionador artesanal","60","34","69db27e22b56cc0c1597f9aa","69db27e62b56cc0c1597fa05","1"
"69db27e72b56cc0c1597fa11","Acondicionador Diamante 250ml.","60","34","69db27e22b56cc0c1597f9aa","69db27e62b56cc0c1597fa05","1"
"69db27e72b56cc0c1597fa18","acrílico cristal organic 50 gramos 1.76 oz","180","49","69db27e32b56cc0c1597f9c9","69db27e32b56cc0c1597f9cc","1"
"69db27e72b56cc0c1597fa1f","acrílico organic blanco (white)","180","31","69db27e32b56cc0c1597f9c9","69db27e32b56cc0c1597f9cc","1"
"69db27e82b56cc0c1597fa26","Acrílico Zodiaco","90","30","69db27e22b56cc0c1597f9aa","69db27e42b56cc0c1597f9e0","1"
"69db27e82b56cc0c1597fa2d","Acrílico Eteri Organic","150","45","69db27e32b56cc0c1597f9c9","69db27e32b56cc0c1597f9cc","1"
"69db27e82b56cc0c1597fa34","Acrílicos De Colores Touche diamonds","90","42","69db27e32b56cc0c1597f9be","69db27e32b56cc0c1597f9c1","1"
"69db27e92b56cc0c1597fa3b","Acrylic sterilizador agrílico","150","38","69db27e22b56cc0c1597f9aa","69db27e22b56cc0c1597f9b6","1"
"69db27e92b56cc0c1597fa44","Activador para Gel en Frio Touche","80","49","69db27e32b56cc0c1597f9be","69db27e92b56cc0c1597fa3f","1"
"69db27e92b56cc0c1597fa4b","Adesivo para extenciones Pestañas","65","43","69db27e22b56cc0c1597f9aa","69db27e22b56cc0c1597f9ad","1"
"69db27ea2b56cc0c1597fa56","Adhesivo J.Denis Para Rulos/Pestañas.","65","46","69db27e92b56cc0c1597fa4e","69db27ea2b56cc0c1597fa51","1"
"69db27ea2b56cc0c1597fa5d","Adhesivo J.Denis Oscuro con keratina","85","35","69db27e92b56cc0c1597fa4e","69db27ea2b56cc0c1597fa51","1"
"69db27ea2b56cc0c1597fa64","Adhesivo J.Denis Transparente con keratina","85","40","69db27e92b56cc0c1597fa4e","69db27ea2b56cc0c1597fa51","1"
"69db27eb2b56cc0c1597fa6b","adhesivo latex para rulos o pads liftin j denis","65","45","69db27e92b56cc0c1597fa4e","69db27ea2b56cc0c1597fa51","1"
"69db27eb2b56cc0c1597fa72","adhesivo libre de latex","75","47","69db27e22b56cc0c1597f9aa","69db27e22b56cc0c1597f9ad","1"
"69db27eb2b56cc0c1597fa79","adhesivo para pads color blanco tapa dorada j denis","65","46","69db27e92b56cc0c1597fa4e","69db27ea2b56cc0c1597fa51","1"
"69db27ec2b56cc0c1597fa80","adhesivo para pads color blanco  trasparente j denis","65","41","69db27e92b56cc0c1597fa4e","69db27ea2b56cc0c1597fa51","1"
"69db27ec2b56cc0c1597fa8b","Adhesivo Para Pestañas Duo Oscuro","80","40","69db27ec2b56cc0c1597fa83","69db27ec2b56cc0c1597fa86","1"
"69db27ed2b56cc0c1597fa92","Adhesivo Para Pestañas Duo Transparente","80","43","69db27ec2b56cc0c1597fa83","69db27ec2b56cc0c1597fa86","1"
"69db27ed2b56cc0c1597fa99","Adhesivo Para Rulos frasquito chico blanco","45","35","69db27e22b56cc0c1597f9aa","69db27e22b56cc0c1597f9ad","1"
"69db27ed2b56cc0c1597faa0","adhesivo supreme j denis para pestañas mink","150","46","69db27e92b56cc0c1597fa4e","69db27ea2b56cc0c1597fa51","1"
"69db27ee2b56cc0c1597faa7","Adhesivo Tubo oscuro J.D/10gramos","55","48","69db27e92b56cc0c1597fa4e","69db27ea2b56cc0c1597fa51","1"
"69db27ee2b56cc0c1597faae","Adhesivo Tubo Transparente J.D/10gramos","55","46","69db27e92b56cc0c1597fa4e","69db27ea2b56cc0c1597fa51","1"
"69db27ee2b56cc0c1597fab5","Afaparf salone supreme mask","450","33","69db27e22b56cc0c1597f9aa","69db27e62b56cc0c1597fa05","1"
"69db27ef2b56cc0c1597fabe","Afaparf oxido 10 vol. 1000ml.","180","47","69db27e22b56cc0c1597f9aa","69db27ee2b56cc0c1597fab9","1"
"69db27ef2b56cc0c1597fac5","Agoja para rayos","25","40","69db27e22b56cc0c1597f9aa","69db27e22b56cc0c1597f9b6","1"
"69db27ef2b56cc0c1597face","Aguja Peina Facil 5pz. V/Colores","35","49","69db27e22b56cc0c1597f9aa","69db27ef2b56cc0c1597fac9","1"
"69db27f02b56cc0c1597fad5","Aguja Peina Facil Grande 5pz.","45","42","69db27e22b56cc0c1597f9aa","69db27ef2b56cc0c1597fac9","1"
"69db27f02b56cc0c1597fae0","Alain silver tratamiento","140","35","69db27f02b56cc0c1597fad8","69db27f02b56cc0c1597fadb","1"
"69db27f12b56cc0c1597fae9","alain silver herbal 9","140","44","69db27f02b56cc0c1597fad8","69db27f02b56cc0c1597fae4","1"
"69db27f12b56cc0c1597faf0","Alain Silver Hot Tratamiento Restauraurador","280","49","69db27f02b56cc0c1597fad8","69db27f02b56cc0c1597fadb","1"
"69db27f12b56cc0c1597faf7","Alain silver shampoo","140","48","69db27f02b56cc0c1597fad8","69db27f02b56cc0c1597fadb","1"
"69db27f22b56cc0c1597fafe","Alain silver 30ml.","65","31","69db27f02b56cc0c1597fad8","69db27f02b56cc0c1597fae4","1"
"69db27f22b56cc0c1597fb09","Alaska brocha barbero","60","41","69db27f22b56cc0c1597fb01","69db27f22b56cc0c1597fb04","1"
"69db27f32b56cc0c1597fb10","Alaska Bisturi AK-02-0019","60","32","69db27f22b56cc0c1597fb01","69db27f22b56cc0c1597fb04","1"
"69db27f32b56cc0c1597fb17","Alaska Saca Comedones","60","40","69db27f22b56cc0c1597fb01","69db27f22b56cc0c1597fb04","1"
"69db27f32b56cc0c1597fb1e","Alaska Tijera Manicure","85","36","69db27f22b56cc0c1597fb01","69db27f22b56cc0c1597fb04","1"
"69db27f42b56cc0c1597fb29","Alexander style porta navaja","120","47","69db27f32b56cc0c1597fb21","69db27f32b56cc0c1597fb24","1"
"69db27f42b56cc0c1597fb30","Alexander Style Tijera 7.5","150","39","69db27f32b56cc0c1597fb21","69db27f32b56cc0c1597fb24","1"
"69db27f42b56cc0c1597fb37","Alexander tijera","120","35","69db27f32b56cc0c1597fb21","69db27f32b56cc0c1597fb24","1"
"69db27f52b56cc0c1597fb42","Alfa keratin Therapia","450","40","69db27f52b56cc0c1597fb3a","69db27f52b56cc0c1597fb3d","1"
"69db27f52b56cc0c1597fb49","Alfa sobres de 30 pz","300","47","69db27f52b56cc0c1597fb3a","69db27f52b56cc0c1597fb3d","1"
"69db27f62b56cc0c1597fb52","Alfapaf 6.56","160","40","69db27f52b56cc0c1597fb3a","69db27f52b56cc0c1597fb4d","1"
"69db27f62b56cc0c1597fb5b","Alfapar benvoleo shampoo seco sin gas 150 g","350","30","69db27f52b56cc0c1597fb3a","69db27f62b56cc0c1597fb56","1"
"69db27f62b56cc0c1597fb62","alfapar Real Rigen mascar. dañado 500g.","380","50","69db27f52b56cc0c1597fb3a","69db27f52b56cc0c1597fb3d","1"
"69db27f72b56cc0c1597fb69","Alfaparf 7.24","160","32","69db27f52b56cc0c1597fb3a","69db27f52b56cc0c1597fb4d","1"
"69db27f72b56cc0c1597fb70","Alfaparf 10.342","160","36","69db27f52b56cc0c1597fb3a","69db27f52b56cc0c1597fb4d","1"
"69db27f72b56cc0c1597fb77","Alfaparf 11.02","160","38","69db27f52b56cc0c1597fb3a","69db27f52b56cc0c1597fb4d","1"
"69db27f82b56cc0c1597fb7e","Alfaparf 8.221","160","42","69db27f52b56cc0c1597fb3a","69db27f52b56cc0c1597fb4d","1"
"69db27f82b56cc0c1597fb85","Alfapar 8.34","160","37","69db27f52b56cc0c1597fb3a","69db27f52b56cc0c1597fb4d","1"
"69db27f82b56cc0c1597fb8c","Alfapar 9.423","160","32","69db27f52b56cc0c1597fb3a","69db27f52b56cc0c1597fb4d","1"
"69db27f92b56cc0c1597fb93","Alfapar keratin serum 125 ml","420","38","69db27f52b56cc0c1597fb3a","69db27f62b56cc0c1597fb56","1"
"69db27f92b56cc0c1597fb9a","Alfapar mask 200ml.","350","37","69db27f52b56cc0c1597fb3a","69db27f62b56cc0c1597fb56","1"
"69db27f92b56cc0c1597fba1","Alfapar rigen shampoo 250 ml.","350","49","69db27f52b56cc0c1597fb3a","69db27f62b56cc0c1597fb56","1"
"69db27fa2b56cc0c1597fba8","Alfapar Semidelino nutritivo shampoo 250 ml.","350","37","69db27f52b56cc0c1597fb3a","69db27f62b56cc0c1597fb56","1"
"69db27fa2b56cc0c1597fbaf","Alfapar shampoo Rigen Dañado 250g.","350","49","69db27f52b56cc0c1597fb3a","69db27f62b56cc0c1597fb56","1"
"69db27fa2b56cc0c1597fbb6","Alfapar shampoo seco sin gas 150ml.","350","41","69db27f52b56cc0c1597fb3a","69db27f62b56cc0c1597fb56","1"
"69db27fb2b56cc0c1597fbbd","Alfapar 000SSS","160","36","69db27f52b56cc0c1597fb3a","69db27f52b56cc0c1597fb4d","1"
"69db27fb2b56cc0c1597fbc4","Alfapar 01","160","40","69db27f52b56cc0c1597fb3a","69db27f52b56cc0c1597fb4d","1"
"69db27fc2b56cc0c1597fbcb","alfapar 013","160","35","69db27f52b56cc0c1597fb3a","69db27f52b56cc0c1597fb4d","1"
"69db27fc2b56cc0c1597fbd2","Alfapar 02","160","45","69db27f52b56cc0c1597fb3a","69db27f52b56cc0c1597fb4d","1"
"69db27fc2b56cc0c1597fbd9","Alfapar 03","160","44","69db27f52b56cc0c1597fb3a","69db27f52b56cc0c1597fb4d","1"
"69db27fd2b56cc0c1597fbe0","Alfapar 1","160","30","69db27f52b56cc0c1597fb3a","69db27f52b56cc0c1597fb4d","1"
"69db27fd2b56cc0c1597fbe7","Alfapar 1.11","160","33","69db27f52b56cc0c1597fb3a","69db27f52b56cc0c1597fb4d","1"
"69db27fd2b56cc0c1597fbee","Alfapar 10","160","45","69db27f52b56cc0c1597fb3a","69db27f52b56cc0c1597fb4d","1"
"69db27fe2b56cc0c1597fbf5","Alfapar 10.1","160","48","69db27f52b56cc0c1597fb3a","69db27f52b56cc0c1597fb4d","1"
"69db27fe2b56cc0c1597fbfc","Alfapar 10.21","160","34","69db27f52b56cc0c1597fb3a","69db27f52b56cc0c1597fb4d","1"
"69db27ff2b56cc0c1597fc03","Alfapar 10.3","160","41","69db27f52b56cc0c1597fb3a","69db27f52b56cc0c1597fb4d","1"
"69db27ff2b56cc0c1597fc0a","Alfapar 10.31","160","39","69db27f52b56cc0c1597fb3a","69db27f52b56cc0c1597fb4d","1"
"69db27ff2b56cc0c1597fc11","Alfapar 10NB","160","41","69db27f52b56cc0c1597fb3a","69db27f52b56cc0c1597fb4d","1"
"69db28002b56cc0c1597fc18","Alfapar 11.00","160","35","69db27f52b56cc0c1597fb3a","69db27f52b56cc0c1597fb4d","1"
"69db28002b56cc0c1597fc1f","Alfapar 11.10","160","45","69db27f52b56cc0c1597fb3a","69db27f52b56cc0c1597fb4d","1"
"69db28002b56cc0c1597fc26","Alfapar 11.11","160","42","69db27f52b56cc0c1597fb3a","69db27f52b56cc0c1597fb4d","1"
"69db28012b56cc0c1597fc2d","Alfapar 11.13","160","48","69db27f52b56cc0c1597fb3a","69db27f52b56cc0c1597fb4d","1"
"69db28012b56cc0c1597fc34","Alfapar 11.20","160","40","69db27f52b56cc0c1597fb3a","69db27f52b56cc0c1597fb4d","1"
"69db28012b56cc0c1597fc3b","Alfapar 11.21","160","48","69db27f52b56cc0c1597fb3a","69db27f52b56cc0c1597fb4d","1"
"69db28012b56cc0c1597fc42","Alfapar 11.32","160","36","69db27f52b56cc0c1597fb3a","69db27f52b56cc0c1597fb4d","1"
"69db28022b56cc0c1597fc49","Alfapar 2","160","49","69db27f52b56cc0c1597fb3a","69db27f52b56cc0c1597fb4d","1"
"69db28022b56cc0c1597fc50","Alfapar 3","160","37","69db27f52b56cc0c1597fb3a","69db27f52b56cc0c1597fb4d","1"
"69db28022b56cc0c1597fc57","Alfapar 4","160","44","69db27f52b56cc0c1597fb3a","69db27f52b56cc0c1597fb4d","1"
"69db28032b56cc0c1597fc5e","Alfapar 4.32","160","35","69db27f52b56cc0c1597fb3a","69db27f52b56cc0c1597fb4d","1"
"69db28032b56cc0c1597fc65","Alfapar 4.52","160","47","69db27f52b56cc0c1597fb3a","69db27f52b56cc0c1597fb4d","1"
"69db28032b56cc0c1597fc6c","Alfapar 4.65","160","49","69db27f52b56cc0c1597fb3a","69db27f52b56cc0c1597fb4d","1"
"69db28042b56cc0c1597fc73","Alfapar 4.66I","160","41","69db27f52b56cc0c1597fb3a","69db27f52b56cc0c1597fb4d","1"
"69db28042b56cc0c1597fc7a","Alfapar 4NB","160","47","69db27f52b56cc0c1597fb3a","69db27f52b56cc0c1597fb4d","1"
"69db28042b56cc0c1597fc81","Alfapar 4NI","160","32","69db27f52b56cc0c1597fb3a","69db27f52b56cc0c1597fb4d","1"
"69db28052b56cc0c1597fc88","Alfapar 5","160","42","69db27f52b56cc0c1597fb3a","69db27f52b56cc0c1597fb4d","1"
"69db28062b56cc0c1597fc8f","Alfapar 5.1","160","35","69db27f52b56cc0c1597fb3a","69db27f52b56cc0c1597fb4d","1"
"69db28062b56cc0c1597fc96","Alfapar 5.22","160","47","69db27f52b56cc0c1597fb3a","69db27f52b56cc0c1597fb4d","1"
"69db28062b56cc0c1597fc9d","Alfapar 5.3","160","31","69db27f52b56cc0c1597fb3a","69db27f52b56cc0c1597fb4d","1"
"69db28072b56cc0c1597fca4","Alfapar 5.32","160","50","69db27f52b56cc0c1597fb3a","69db27f52b56cc0c1597fb4d","1"
"69db28072b56cc0c1597fcab","Alfapar 5.35","160","39","69db27f52b56cc0c1597fb3a","69db27f52b56cc0c1597fb4d","1"
"69db28072b56cc0c1597fcb2","Alfapar 5.5","160","44","69db27f52b56cc0c1597fb3a","69db27f52b56cc0c1597fb4d","1"
"69db28082b56cc0c1597fcb9","Alfapar 5.53","160","41","69db27f52b56cc0c1597fb3a","69db27f52b56cc0c1597fb4d","1"
"69db28082b56cc0c1597fcc0","Alfapar 5.6","160","30","69db27f52b56cc0c1597fb3a","69db27f52b56cc0c1597fb4d","1"
"69db28082b56cc0c1597fcc7","Alfapar 5.62","160","45","69db27f52b56cc0c1597fb3a","69db27f52b56cc0c1597fb4d","1"
"69db28092b56cc0c1597fcce","Alfapar 5.65","160","32","69db27f52b56cc0c1597fb3a","69db27f52b56cc0c1597fb4d","1"
"69db28092b56cc0c1597fcd5","Alfapar 5.66I","160","40","69db27f52b56cc0c1597fb3a","69db27f52b56cc0c1597fb4d","1"
"69db28092b56cc0c1597fcdc","Alfapar 5.7","160","45","69db27f52b56cc0c1597fb3a","69db27f52b56cc0c1597fb4d","1"
"69db280a2b56cc0c1597fce3","Alfapar 5NB","160","36","69db27f52b56cc0c1597fb3a","69db27f52b56cc0c1597fb4d","1"
"69db280a2b56cc0c1597fcea","Alfapar 5NI","160","31","69db27f52b56cc0c1597fb3a","69db27f52b56cc0c1597fb4d","1"
"69db280a2b56cc0c1597fcf1","Alfapar 6","160","32","69db27f52b56cc0c1597fb3a","69db27f52b56cc0c1597fb4d","1"
"69db280b2b56cc0c1597fcf8","Alfapar 6.01","160","46","69db27f52b56cc0c1597fb3a","69db27f52b56cc0c1597fb4d","1"
"69db280b2b56cc0c1597fcff","Alfapar 6.1","160","47","69db27f52b56cc0c1597fb3a","69db27f52b56cc0c1597fb4d","1"
"69db280b2b56cc0c1597fd06","Alfapar 6.23","160","48","69db27f52b56cc0c1597fb3a","69db27f52b56cc0c1597fb4d","1"
"69db280c2b56cc0c1597fd0d","Alfapar 6.3","160","35","69db27f52b56cc0c1597fb3a","69db27f52b56cc0c1597fb4d","1"
"69db280c2b56cc0c1597fd14","Alfapar 6.32","160","37","69db27f52b56cc0c1597fb3a","69db27f52b56cc0c1597fb4d","1"
"69db280c2b56cc0c1597fd1b","Alfapar 6.35","160","38","69db27f52b56cc0c1597fb3a","69db27f52b56cc0c1597fb4d","1"
"69db280d2b56cc0c1597fd22","Alfapar 6.4","160","45","69db27f52b56cc0c1597fb3a","69db27f52b56cc0c1597fb4d","1"
"69db280d2b56cc0c1597fd29","Alfapar 6.45","160","46","69db27f52b56cc0c1597fb3a","69db27f52b56cc0c1597fb4d","1"
"69db280e2b56cc0c1597fd30","Alfapar 6.5","160","36","69db27f52b56cc0c1597fb3a","69db27f52b56cc0c1597fb4d","1"
"69db280e2b56cc0c1597fd37","Alfapar 6.53","160","45","69db27f52b56cc0c1597fb3a","69db27f52b56cc0c1597fb4d","1"
"69db280e2b56cc0c1597fd3e","Alfapar 6.6","160","49","69db27f52b56cc0c1597fb3a","69db27f52b56cc0c1597fb4d","1"
"69db280f2b56cc0c1597fd45","Alfapar 6.66I","160","45","69db27f52b56cc0c1597fb3a","69db27f52b56cc0c1597fb4d","1"
"69db280f2b56cc0c1597fd4c","Alfapar 6.7","160","42","69db27f52b56cc0c1597fb3a","69db27f52b56cc0c1597fb4d","1"
"69db280f2b56cc0c1597fd53","Alfapar 6NB","160","30","69db27f52b56cc0c1597fb3a","69db27f52b56cc0c1597fb4d","1"
"69db28102b56cc0c1597fd5a","Alfapar 6NI","160","36","69db27f52b56cc0c1597fb3a","69db27f52b56cc0c1597fb4d","1"
"69db28102b56cc0c1597fd61","Alfapar 7","160","38","69db27f52b56cc0c1597fb3a","69db27f52b56cc0c1597fb4d","1"
"69db28102b56cc0c1597fd68","Alfapar 7.01","160","35","69db27f52b56cc0c1597fb3a","69db27f52b56cc0c1597fb4d","1"
"69db28112b56cc0c1597fd6f","Alfapar 7.1","160","32","69db27f52b56cc0c1597fb3a","69db27f52b56cc0c1597fb4d","1"
"69db28112b56cc0c1597fd76","Alfapar 7.13","160","35","69db27f52b56cc0c1597fb3a","69db27f52b56cc0c1597fb4d","1"
"69db28112b56cc0c1597fd7d","Alfapar 7.21","160","50","69db27f52b56cc0c1597fb3a","69db27f52b56cc0c1597fb4d","1"
"69db28122b56cc0c1597fd84","Alfapar 7.3","160","30","69db27f52b56cc0c1597fb3a","69db27f52b56cc0c1597fb4d","1"
"69db28122b56cc0c1597fd8b","Alfapar 7.31","160","45","69db27f52b56cc0c1597fb3a","69db27f52b56cc0c1597fb4d","1"
"69db28122b56cc0c1597fd92","Alfapar 7.32","160","34","69db27f52b56cc0c1597fb3a","69db27f52b56cc0c1597fb4d","1"
"69db28132b56cc0c1597fd99","Alfapar 7.34","160","47","69db27f52b56cc0c1597fb3a","69db27f52b56cc0c1597fb4d","1"
"69db28132b56cc0c1597fda0","Alfapar 7.35","160","47","69db27f52b56cc0c1597fb3a","69db27f52b56cc0c1597fb4d","1"
"69db28132b56cc0c1597fda7","Alfapar 7.4","160","32","69db27f52b56cc0c1597fb3a","69db27f52b56cc0c1597fb4d","1"
"69db28142b56cc0c1597fdae","Alfapar 7.43","160","49","69db27f52b56cc0c1597fb3a","69db27f52b56cc0c1597fb4d","1"
"69db28142b56cc0c1597fdb5","Alfapar 7.45","160","39","69db27f52b56cc0c1597fb3a","69db27f52b56cc0c1597fb4d","1"
"69db28142b56cc0c1597fdbc","Alfapar 7.53","160","30","69db27f52b56cc0c1597fb3a","69db27f52b56cc0c1597fb4d","1"
"69db28152b56cc0c1597fdc3","Alfapar 7.6","160","49","69db27f52b56cc0c1597fb3a","69db27f52b56cc0c1597fb4d","1"
"69db28152b56cc0c1597fdca","Alfapar 7.62","160","43","69db27f52b56cc0c1597fb3a","69db27f52b56cc0c1597fb4d","1"
"69db28152b56cc0c1597fdd1","Alfapar 7.66I","160","47","69db27f52b56cc0c1597fb3a","69db27f52b56cc0c1597fb4d","1"
"69db28162b56cc0c1597fdd8","Alfapar 7000","160","41","69db27f52b56cc0c1597fb3a","69db27f52b56cc0c1597fb4d","1"
"69db28162b56cc0c1597fddf","Alfapar 7NB","160","46","69db27f52b56cc0c1597fb3a","69db27f52b56cc0c1597fb4d","1"
"69db28162b56cc0c1597fde6","Alfapar 7NI","160","36","69db27f52b56cc0c1597fb3a","69db27f52b56cc0c1597fb4d","1"
"69db28172b56cc0c1597fded","Alfapar 8","160","38","69db27f52b56cc0c1597fb3a","69db27f52b56cc0c1597fb4d","1"
"69db28172b56cc0c1597fdf4","Alfapar 8.01","160","31","69db27f52b56cc0c1597fb3a","69db27f52b56cc0c1597fb4d","1"
"69db28172b56cc0c1597fdfb","Alfapar 8.1","160","34","69db27f52b56cc0c1597fb3a","69db27f52b56cc0c1597fb4d","1"
"69db28182b56cc0c1597fe02","Alfapar 8.13","160","47","69db27f52b56cc0c1597fb3a","69db27f52b56cc0c1597fb4d","1"
"69db28182b56cc0c1597fe09","Alfapar 8.21","160","43","69db27f52b56cc0c1597fb3a","69db27f52b56cc0c1597fb4d","1"
"69db28182b56cc0c1597fe10","Alfapar 8.23","160","34","69db27f52b56cc0c1597fb3a","69db27f52b56cc0c1597fb4d","1"
"69db28192b56cc0c1597fe17","Alfapar 8.3","160","45","69db27f52b56cc0c1597fb3a","69db27f52b56cc0c1597fb4d","1"
"69db28192b56cc0c1597fe1e","Alfapar 8.31","160","33","69db27f52b56cc0c1597fb3a","69db27f52b56cc0c1597fb4d","1"
"69db28192b56cc0c1597fe25","Alfapar 8.32","160","31","69db27f52b56cc0c1597fb3a","69db27f52b56cc0c1597fb4d","1"
"69db281a2b56cc0c1597fe2c","Alfapar 8.4","160","34","69db27f52b56cc0c1597fb3a","69db27f52b56cc0c1597fb4d","1"
"69db281a2b56cc0c1597fe33","Alfapar 8.43","160","39","69db27f52b56cc0c1597fb3a","69db27f52b56cc0c1597fb4d","1"
"69db281a2b56cc0c1597fe3a","Alfapar 8.66I","160","31","69db27f52b56cc0c1597fb3a","69db27f52b56cc0c1597fb4d","1"
"69db281b2b56cc0c1597fe41","Alfapar 8NB","160","32","69db27f52b56cc0c1597fb3a","69db27f52b56cc0c1597fb4d","1"
"69db281b2b56cc0c1597fe48","Alfapar 8NI","160","41","69db27f52b56cc0c1597fb3a","69db27f52b56cc0c1597fb4d","1"
"69db281b2b56cc0c1597fe4f","Alfapar 9","160","44","69db27f52b56cc0c1597fb3a","69db27f52b56cc0c1597fb4d","1"
"69db281c2b56cc0c1597fe56","Alfapar 9.04","160","35","69db27f52b56cc0c1597fb3a","69db27f52b56cc0c1597fb4d","1"
"69db281c2b56cc0c1597fe5d","Alfapar 9.1","160","38","69db27f52b56cc0c1597fb3a","69db27f52b56cc0c1597fb4d","1"
"69db281c2b56cc0c1597fe64","Alfapar 9.13","160","50","69db27f52b56cc0c1597fb3a","69db27f52b56cc0c1597fb4d","1"
"69db281d2b56cc0c1597fe6b","Alfapar 9.2","160","47","69db27f52b56cc0c1597fb3a","69db27f52b56cc0c1597fb4d","1"
"69db281d2b56cc0c1597fe72","Alfapar 9.21","160","37","69db27f52b56cc0c1597fb3a","69db27f52b56cc0c1597fb4d","1"
"69db281d2b56cc0c1597fe79","Alfapar 9.3","160","49","69db27f52b56cc0c1597fb3a","69db27f52b56cc0c1597fb4d","1"
"69db281e2b56cc0c1597fe83","Alfapar 9.31","160","45","69db27f52b56cc0c1597fb3a","69db27f52b56cc0c1597fb4d","1"
"69db281e2b56cc0c1597fe8a","Alfapar 9NB","160","34","69db27f52b56cc0c1597fb3a","69db27f52b56cc0c1597fb4d","1"
"69db281e2b56cc0c1597fe91","Alfapar 9NI","160","37","69db27f52b56cc0c1597fb3a","69db27f52b56cc0c1597fb4d","1"
"69db281f2b56cc0c1597fe98","Alfapar ampoll. anti caida","600","38","69db27f52b56cc0c1597fb3a","69db27f52b56cc0c1597fb3d","1"
"69db281f2b56cc0c1597fe9f","Alfapar benvoleo olio nutritivo 100ml.","380","35","69db27f52b56cc0c1597fb3a","69db27f62b56cc0c1597fb56","1"
"69db281f2b56cc0c1597fea6","Alfapar Brocha y cio para tinte","90","42","69db27f52b56cc0c1597fb3a","69db27f52b56cc0c1597fb4d","1"
"69db28202b56cc0c1597fead","Alfapar keratin mask","380","32","69db27f52b56cc0c1597fb3a","69db27f62b56cc0c1597fb56","1"
"69db28202b56cc0c1597feb4","Alfapar keratin therapy lisse acondicionador 250ml.","350","33","69db27f52b56cc0c1597fb3a","69db27f62b56cc0c1597fb56","1"
"69db28202b56cc0c1597febb","Alfapar Keratin Therapy lisse Oil 50ml.","280","45","69db27f52b56cc0c1597fb3a","69db27f52b56cc0c1597fb3d","1"
"69db28212b56cc0c1597fec2","Alfapar Keratin Therapy Shampoo 250ml.","350","43","69db27f52b56cc0c1597fb3a","69db27f62b56cc0c1597fb56","1"
"69db28212b56cc0c1597fec9","Alfapar Maschera Plex 150g.","420","32","69db27f52b56cc0c1597fb3a","69db27f62b56cc0c1597fb56","1"
"69db28212b56cc0c1597fed0","Alfapar mask. keratin therapy","380","36","69db27f52b56cc0c1597fb3a","69db27f62b56cc0c1597fb56","1"
"69db28222b56cc0c1597fed7","Alfapar nutritivo Mask","380","46","69db27f52b56cc0c1597fb3a","69db27f62b56cc0c1597fb56","1"
"69db28222b56cc0c1597fede","Alfapar Olio Plex 100ml","380","36","69db27f52b56cc0c1597fb3a","69db27f62b56cc0c1597fb56","1"
"69db28222b56cc0c1597fee5","Alfapar Oxido 10 vol. 1000ml.","180","31","69db27f52b56cc0c1597fb3a","69db27f52b56cc0c1597fb4d","1"
"69db28232b56cc0c1597feec","Alfapar Oxido 20vol. 1000ml.","180","35","69db27f52b56cc0c1597fb3a","69db27f52b56cc0c1597fb4d","1"
"69db28232b56cc0c1597fef3","Alfapar Oxido 30 vol. 1000ml.","180","47","69db27f52b56cc0c1597fb3a","69db27f52b56cc0c1597fb4d","1"
"69db28232b56cc0c1597fefa","Alfapar Oxido 40 vol. 1000ml.","180","42","69db27f52b56cc0c1597fb3a","69db27f52b56cc0c1597fb4d","1"
"69db28242b56cc0c1597ff01","Alfapar protector termico 200ml.","320","38","69db27f52b56cc0c1597fb3a","69db27f52b56cc0c1597fb3d","1"
"69db28242b56cc0c1597ff08","Alfapar Real Rigen k.","350","39","69db27f52b56cc0c1597fb3a","69db27f52b56cc0c1597fb4d","1"
"69db28242b56cc0c1597ff0f","Alfapar salone shampoo 500ml.","420","44","69db27f52b56cc0c1597fb3a","69db27f62b56cc0c1597fb56","1"
"69db28252b56cc0c1597ff16","Alfapar Semi di lino 50ml.","280","38","69db27f52b56cc0c1597fb3a","69db27f52b56cc0c1597fb3d","1"
"69db28252b56cc0c1597ff1d","Alfapar Semidelino shampoo 250ml.","350","39","69db27f52b56cc0c1597fb3a","69db27f62b56cc0c1597fb56","1"
"69db28252b56cc0c1597ff24","Alfaparf shampoo cabello dañado 1 L.","650","37","69db27f52b56cc0c1597fb3a","69db27f62b56cc0c1597fb56","1"
"69db28262b56cc0c1597ff2b","Alfaparf Shampoo Plex 250g.","380","45","69db27f52b56cc0c1597fb3a","69db27f62b56cc0c1597fb56","1"
"69db28262b56cc0c1597ff34","Alfaparf spray porificante 100ml.","280","48","69db27f52b56cc0c1597fb3a","69db28262b56cc0c1597ff2f","1"
"69db28262b56cc0c1597ff3d","Algodón Alby","45","42","69db27e22b56cc0c1597f9aa","69db28262b56cc0c1597ff38","1"
"69db28272b56cc0c1597ff44","Alicate Alaska Manicure","110","38","69db27f22b56cc0c1597fb01","69db27f22b56cc0c1597fb04","1"
"69db28272b56cc0c1597ff4b","Alicate Alaska Pedicure","110","36","69db27f22b56cc0c1597fb01","69db27f22b56cc0c1597fb04","1"
"69db28272b56cc0c1597ff52","Alicate Alaska Spa","140","39","69db27f22b56cc0c1597fb01","69db27f22b56cc0c1597fb04","1"
"69db28282b56cc0c1597ff5d","Alicate barrilito","95","43","69db28282b56cc0c1597ff55","69db28282b56cc0c1597ff58","1"
"69db28282b56cc0c1597ff68","Alicate GC Large","120","40","69db28282b56cc0c1597ff60","69db28282b56cc0c1597ff63","1"
"69db28292b56cc0c1597ff6f","Alicate Gc Medium","110","32","69db28282b56cc0c1597ff60","69db28282b56cc0c1597ff63","1"
"69db28292b56cc0c1597ff7a","Alicate Katya 1162-07","110","34","69db28292b56cc0c1597ff72","69db28292b56cc0c1597ff75","1"
"69db282a2b56cc0c1597ff85","Alicate Lobo1330-00","120","42","69db28292b56cc0c1597ff7d","69db282a2b56cc0c1597ff80","1"
"69db282a2b56cc0c1597ff90","Alkahzar agua de rosas","60","46","69db282a2b56cc0c1597ff88","69db282a2b56cc0c1597ff8b","1"
"69db282b2b56cc0c1597ff97","Almoadillas de algodon","45","43","69db27e22b56cc0c1597f9aa","69db28262b56cc0c1597ff38","1"
"69db282b2b56cc0c1597ffa2","Aluminio Profesional Mopi","55","40","69db282b2b56cc0c1597ff9a","69db282b2b56cc0c1597ff9d","1"
"69db282b2b56cc0c1597ffad","Amor us sponge","70","41","69db282b2b56cc0c1597ffa5","69db282b2b56cc0c1597ffa8","1"
"69db282c2b56cc0c1597ffb6","Amor pinza pestañas","70","35","69db282b2b56cc0c1597ffa5","69db282c2b56cc0c1597ffb1","1"
"69db282c2b56cc0c1597ffbf","Amor us","85","30","69db282b2b56cc0c1597ffa5","69db282c2b56cc0c1597ffba","1"
"69db282d2b56cc0c1597ffc6","Ampolletas Alfaparf Aceite Lenitivo","60","32","69db27f52b56cc0c1597fb3a","69db27f62b56cc0c1597fb56","1"
"69db282d2b56cc0c1597ffcd","Ampolletas Alfaparf Midollo di Bamboo (Blanco)","60","32","69db27f52b56cc0c1597fb3a","69db27f62b56cc0c1597fb56","1"
"69db282d2b56cc0c1597ffd4","Ampolletas Alfaparf Semi Di Lino Essential Oil (Azul)","60","33","69db27f52b56cc0c1597fb3a","69db27f62b56cc0c1597fb56","1"
"69db282e2b56cc0c1597ffdb","Ampolletas Alfaparf Semi Di Lino Shine Lotion (Lila)","60","45","69db27f52b56cc0c1597fb3a","69db27f62b56cc0c1597fb56","1"
"69db282e2b56cc0c1597ffe6","Ampolletas Hidraforce - Gegenerex","150","33","69db282e2b56cc0c1597ffde","69db282e2b56cc0c1597ffe1","1"
"69db282f2b56cc0c1597fff1","Ampolletas Revive Bifasica","150","34","69db282e2b56cc0c1597ffe9","69db282e2b56cc0c1597ffec","1"
"69db282f2b56cc0c1597fff8","Ampolletas Revive Cationica","150","32","69db282e2b56cc0c1597ffe9","69db282e2b56cc0c1597ffec","1"
"69db282f2b56cc0c1597ffff","Ampolletas Revive Fortificante","150","46","69db282e2b56cc0c1597ffe9","69db282e2b56cc0c1597ffec","1"
"69db28302b56cc0c15980006","Ampolletas Revive Pre-Perm","150","43","69db282e2b56cc0c1597ffe9","69db282e2b56cc0c1597ffec","1"
"69db28302b56cc0c1598000d","Ampolletas Revive Teñido","150","50","69db282e2b56cc0c1597ffe9","69db282e2b56cc0c1597ffec","1"
"69db28302b56cc0c15980014","Amura depilacion definitiva","850","37","69db27e22b56cc0c1597f9aa","69db27e22b56cc0c1597f9b6","1"
"69db28312b56cc0c1598001f","Andis","250","43","69db28302b56cc0c15980017","69db28302b56cc0c1598001a","1"
"69db28312b56cc0c15980026","Andis slimline pro li","1600","37","69db28302b56cc0c15980017","69db28302b56cc0c1598001a","1"
"69db28312b56cc0c1598002d","Andis Cool Care Plus","220","42","69db28302b56cc0c15980017","69db28302b56cc0c1598001a","1"
"69db28322b56cc0c15980036","Andis Cuchilla Mini","450","49","69db28302b56cc0c15980017","69db28322b56cc0c15980031","1"